customer_id,name,gender,age,city,membership,signup_date,email
C0001,임도현,남,53,대구,VIP,2024-05-22,
C0002,이서윤,여,27,광주,일반,2023-09-16,lee942@daum.net
C0003,박건우,남,58,성남,골드,2025-05-02,park.kr67@naver.com
C0004,신하윤,여,62,전주,VIP,2023-10-30,shinjoo7@daum.net
C0005,최하은,여,20,대구,실버,2024-08-01,choi383@gmail.com
C0006,송현우,남,32,인천,VIP,2025-01-30,
C0007,오민준,남,40,인천,일반,2025-10-19,oh_49@gmail.com
C0008,임채원,여,39,고양,일반,2025-08-24,lim_39@nate.com
C0009,김서연,여,48,서울,VIP,2024-12-07,kim_34@daum.net
C0010,김현서,남,51,수원,일반,2024-08-21,kim_36@gmail.com
C0011,권지민,남,46,대구,실버,2023-07-26,kwon_97@kakao.com
C0012,윤현서,남,19,성남,골드,2025-11-10,yoon_92@naver.com
C0013,안지훈,남,36,용인,실버,2024-08-21,ahn_77@gmail.com
C0014,안민서,남,46,창원,일반,2025-03-26,ahn_33@kakao.com
C0015,이은우,남,56,전주,일반,2025-10-04,lee169@daum.net
C0016,오은우,남,48,고양,골드,2023-09-24,ohmin3@nate.com
C0017,안예은,여,43,대구,일반,2023-12-11,ahn.day61@nate.com
C0018,황도현,남,31,창원,VIP,2025-11-21,hwang_98@gmail.com
C0019,장은우,남,20,부산,실버,2023-09-18,jang387@gmail.com
C0020,서하윤,여,47,대구,일반,2025-07-02,seo.kr46@naver.com
C0021,정현우,남,23,서울,VIP,2024-06-26,jung.kr69@gmail.com
C0022,장준서,남,36,부산,VIP,2026-02-08,janghee9@naver.com
C0023,이수빈,여,57,제주,VIP,2025-02-16,lee76@naver.com
C0024,임지우,여,59,인천,일반,2024-10-25,lim711@kakao.com
C0025,최민준,남,23,광주,실버,2024-12-14,choi202@kakao.com
C0026,전지유,여,55,전주,골드,2024-12-07,jeon_81@hanmail.net
C0027,임민재,남,37,용인,일반,2024-08-20,lim_47@gmail.com
C0028,박주원,남,27,서울,실버,2025-06-09,
C0029,장건우,남,33,창원,골드,2025-01-25,janghee4@kakao.com
C0030,정지민,여,57,창원,골드,2024-02-05,jungsoo4@gmail.com
C0031,장현서,여,40,고양,일반,2025-03-28,jang_18@kakao.com
C0032,정서연,여,51,천안,일반,2023-10-18,jung_15@hanmail.net
C0033,송현서,여,62,창원,골드,2024-01-06,song_54@daum.net
C0034,장민준,남,49,창원,일반,2025-03-23,janghee9@gmail.com
C0035,홍은우,남,44,제주,VIP,2023-07-14,hong_57@daum.net
C0036,오다은,여,60,대전,일반,2024-09-10,oh.kr30@gmail.com
C0037,김성민,남,34,천안,골드,2024-01-27,kim251@naver.com
C0038,오유진,여,48,성남,일반,2024-07-28,oh.day31@gmail.com
C0039,전은우,남,40,천안,골드,2024-11-28,jeon625@daum.net
C0040,오서윤,여,46,대전,일반,2024-02-24,ohjoo6@gmail.com
C0041,장소율,여,38,천안,일반,2025-08-06,jang.dev3@gmail.com
C0042,안지민,남,59,전주,실버,2025-11-10,ahn_28@gmail.com
C0043,임주원,남,59,대구,VIP,2024-04-01,lim.kr44@hanmail.net
C0044,박지유,여,37,광주,일반,2025-05-01,parkjoo3@gmail.com
C0045,한예은,여,32,청주,실버,2025-02-08,han_38@hanmail.net
C0046,권준서,남,34,인천,일반,2024-07-16,kwon_83@gmail.com
C0047,정은우,남,27,부산,일반,2023-11-03,jungsoo2@nate.com
C0048,조하준,남,51,부산,골드,2023-10-27,cho_38@daum.net
C0049,홍지호,남,26,부산,골드,2025-02-01,hong_78@naver.com
C0050,김채원,여,33,천안,실버,2025-06-03,kim_22@naver.com
C0051,전지우,여,23,성남,일반,2024-11-18,jeonhee2@hanmail.net
C0052,안민서,남,19,창원,일반,2025-11-27,ahn.dev7@naver.com
C0053,안서아,여,20,제주,VIP,2024-04-29,ahn562@gmail.com
C0054,김다은,여,47,전주,VIP,2024-04-29,kimjoo4@nate.com
C0055,서수빈,여,47,성남,VIP,2025-12-23,seo.dev48@hanmail.net
C0056,강지아,여,60,서울,일반,2025-03-27,kang406@naver.com
C0057,황태윤,남,55,부산,일반,2025-06-12,hwang297@daum.net
C0058,한지유,여,29,인천,실버,2023-07-02,han.kr47@naver.com
C0059,정하윤,여,49,성남,실버,2024-05-09,jung507@daum.net
C0060,최준서,남,22,제주,골드,2025-01-08,choi22@kakao.com
C0061,전민서,남,51,전주,골드,2023-12-10,
C0062,한도현,남,36,전주,VIP,2024-04-21,han_48@hanmail.net
C0063,안지우,남,61,광주,실버,2025-04-25,ahn.log52@naver.com
C0064,안은우,남,38,대전,일반,2025-02-03,ahnmin9@kakao.com
C0065,안은우,남,31,부산,일반,2025-01-09,ahnjoo5@hanmail.net
C0066,윤준서,남,23,창원,실버,2024-11-01,yoon484@naver.com
C0067,홍성민,남,54,수원,실버,2023-06-07,
C0068,송서아,여,44,용인,일반,2024-03-16,song951@gmail.com
C0069,황태윤,남,48,대구,일반,2023-11-17,hwang.kr20@daum.net
C0070,조태윤,남,20,광주,일반,2023-06-02,cho.day34@naver.com
C0071,황지우,남,23,용인,실버,2023-12-09,hwang.dev42@nate.com
C0072,홍예준,남,54,청주,VIP,2025-10-28,hong.kr73@kakao.com
C0073,정서아,여,53,수원,실버,2025-10-26,jungsoo2@nate.com
C0074,정하윤,여,25,창원,실버,2024-02-05,jung.log30@naver.com
C0075,강준서,남,40,청주,VIP,2025-12-27,kang_32@gmail.com
C0076,최시우,남,64,용인,골드,2025-02-26,choimin8@daum.net
C0077,최지우,남,47,창원,실버,2025-03-06,choi554@gmail.com
C0078,홍주호,남,22,인천,실버,2023-11-22,
C0079,오민서,여,23,대전,일반,2023-06-25,oh.day6@hanmail.net
C0080,이시우,남,30,제주,실버,2025-03-24,leesoo8@daum.net
C0081,조지민,남,52,대구,실버,2023-09-20,cho_56@kakao.com
C0082,김도윤,남,44,천안,일반,2024-07-18,kim.day66@daum.net
C0083,윤도윤,남,26,전주,일반,2023-07-21,yoon_38@nate.com
C0084,서수빈,여,57,창원,VIP,2025-11-17,seo_59@gmail.com
C0085,송예린,여,53,창원,실버,2025-11-05,song393@naver.com
C0086,윤지민,여,34,고양,실버,2024-01-01,yoon636@naver.com
C0087,안지민,남,23,용인,VIP,2024-02-04,ahn_32@nate.com
C0088,임하은,여,38,용인,일반,2026-02-03,lim.log16@nate.com
C0089,이지우,남,50,제주,VIP,2024-01-28,lee821@gmail.com
C0090,장유진,여,39,인천,VIP,2023-06-12,jang.day98@kakao.com
C0091,한현서,남,64,대구,일반,2023-11-16,han_57@gmail.com
C0092,최선우,남,43,용인,골드,2024-09-12,choi_18@naver.com
C0093,한지민,여,33,제주,VIP,2025-08-18,hanhee6@gmail.com
C0094,강지우,여,21,성남,일반,2025-12-14,kang.day71@naver.com
C0095,송유진,여,35,대구,일반,2023-06-08,song_13@gmail.com
C0096,오지유,여,41,전주,일반,2026-01-13,oh905@naver.com
C0097,조유준,남,25,제주,실버,2026-02-03,cho_95@naver.com
C0098,신건우,남,36,대전,골드,2026-01-30,shin.kr27@gmail.com
C0099,김수아,여,54,청주,일반,2026-01-03,kim_96@kakao.com
C0100,송주호,남,29,전주,실버,2025-09-01,song_98@hanmail.net
C0101,서다은,여,45,수원,일반,2023-10-24,seo.day44@naver.com
C0102,정민재,남,36,성남,VIP,2026-02-04,jung_51@gmail.com
C0103,오소율,여,52,천안,실버,2023-10-07,ohsoo5@daum.net
C0104,이다은,여,47,제주,일반,2023-10-29,leemin8@gmail.com
C0105,권선우,남,35,광주,실버,2023-09-21,kwonjoo1@gmail.com
C0106,황하윤,여,51,부산,골드,2024-04-29,hwang.dev35@daum.net
C0107,신도현,남,30,서울,실버,2026-01-12,shin663@hanmail.net
C0108,신지안,여,51,광주,VIP,2023-08-14,shin_48@hanmail.net
C0109,김유준,남,49,제주,VIP,2023-07-07,kim.dev15@gmail.com
C0110,조서윤,여,29,전주,실버,2024-10-18,cho.day86@naver.com
C0111,임정우,남,30,천안,VIP,2025-10-06,limsoo5@nate.com
C0112,안민서,여,35,고양,일반,2024-05-15,ahnmin9@gmail.com
C0113,윤지민,남,41,성남,골드,2025-02-26,yoon115@nate.com
C0114,오예준,남,57,전주,실버,2023-09-06,ohhee2@naver.com
C0115,조준서,남,41,청주,VIP,2025-09-20,cho_27@kakao.com
C0116,김하준,남,41,청주,일반,2025-04-19,kim_19@kakao.com
C0117,홍지민,여,58,대전,실버,2025-08-01,hong560@gmail.com
C0118,윤지호,남,35,인천,일반,2025-12-09,yoon323@naver.com
C0119,조유준,남,26,제주,일반,2023-08-29,cho_75@kakao.com
C0120,오수빈,여,35,용인,일반,2025-07-23,oh_13@hanmail.net
C0121,안지안,여,56,고양,일반,2023-10-26,ahn173@hanmail.net
C0122,강성민,남,38,고양,실버,2023-08-21,kang_23@kakao.com
C0123,정하은,여,41,고양,일반,2023-08-16,jung.dev96@gmail.com
C0124,정은우,여,33,전주,일반,2024-12-11,jungjoo7@naver.com
C0125,안은우,남,42,청주,실버,2024-10-01,ahnsoo3@gmail.com
C0126,안민서,여,45,수원,골드,2024-02-29,ahn.day26@daum.net
C0127,신수아,여,52,부산,VIP,2023-12-20,shin.dev93@hanmail.net
C0128,강도윤,남,61,전주,일반,2024-08-29,kangjoo7@gmail.com
C0129,전성민,남,19,제주,일반,2023-07-17,
C0130,조지호,남,58,성남,일반,2024-01-13,cho987@gmail.com
C0131,한태윤,남,56,천안,일반,2024-08-16,han_35@gmail.com
C0132,송현서,여,52,대구,일반,2025-12-12,song.day68@gmail.com
C0133,최민서,남,22,고양,실버,2025-12-02,choi.kr83@naver.com
C0134,정준서,남,44,수원,실버,2023-12-23,jung.day37@kakao.com
C0135,신예준,남,53,광주,실버,2025-03-12,shin_60@gmail.com
C0136,안은우,여,60,고양,일반,2024-07-30,ahnjoo2@naver.com
C0137,황도현,남,30,제주,실버,2024-03-24,hwang901@naver.com
C0138,강수빈,여,37,부산,실버,2024-03-12,kang69@hanmail.net
C0139,강다은,여,57,서울,골드,2025-11-06,kang750@daum.net
C0140,정주원,여,35,부산,골드,2026-01-19,jung574@hanmail.net
C0141,최시우,남,43,수원,VIP,2024-12-29,choi824@naver.com
C0142,조지민,남,22,대구,일반,2026-01-30,cho_65@kakao.com
C0143,박수빈,여,58,전주,VIP,2024-07-17,park.dev1@naver.com
C0144,강선우,남,46,부산,VIP,2024-10-12,kang.kr34@hanmail.net
C0145,김지호,남,32,제주,골드,2025-02-10,kimhee6@kakao.com
C0146,오지우,남,26,서울,골드,2025-01-17,oh903@hanmail.net
C0147,오지호,남,22,고양,실버,2025-05-21,oh_72@nate.com
C0148,최유진,여,34,창원,골드,2025-03-24,choi741@hanmail.net
C0149,임예은,여,46,수원,실버,2023-09-21,lim.log21@daum.net
C0150,강지훈,남,55,전주,VIP,2023-10-09,kang.day68@nate.com
C0151,김민서,남,22,부산,일반,2025-03-18,kim_29@daum.net
C0152,김다은,여,33,성남,일반,2025-02-26,kim474@nate.com
C0153,서소율,여,63,인천,실버,2023-07-27,seo.kr10@daum.net
C0154,권도현,남,44,청주,VIP,2023-07-25,kwon.log44@nate.com
C0155,전도현,남,35,대전,일반,2024-11-20,jeon_22@kakao.com
C0156,신주원,여,19,천안,실버,2024-07-02,shin_38@gmail.com
C0157,권민서,여,25,제주,일반,2024-04-17,kwon162@naver.com
C0158,조예은,여,43,제주,일반,2023-06-24,chosoo4@gmail.com
C0159,이서연,여,60,성남,실버,2024-02-14,lee.day76@daum.net
C0160,장수아,여,61,고양,일반,2023-10-07,janghee2@gmail.com
C0161,김준서,남,22,대전,일반,2023-07-24,kim_37@nate.com
C0162,이하윤,여,31,서울,골드,2023-10-05,lee516@gmail.com
C0163,강유진,여,27,청주,골드,2025-07-14,kangjoo4@naver.com
C0164,정선우,남,48,광주,골드,2024-11-11,jung621@naver.com
C0165,강예준,남,31,성남,실버,2024-06-07,kang_92@daum.net
C0166,최은우,남,35,청주,실버,2025-07-15,choi458@kakao.com
C0167,오현우,남,64,천안,일반,2025-12-07,oh_68@daum.net
C0168,한예준,남,33,수원,일반,2025-02-15,hansoo7@naver.com
C0169,강현서,여,48,대전,VIP,2024-05-30,
C0170,안하은,여,49,서울,실버,2024-07-11,ahn918@nate.com
C0171,안수아,여,53,고양,VIP,2024-01-27,ahn.dev82@naver.com
C0172,정태윤,남,48,인천,실버,2024-12-24,jung_71@hanmail.net
C0173,신현서,여,44,대전,VIP,2024-11-28,shinmin5@kakao.com
C0174,정지호,남,33,부산,실버,2023-06-01,jungsoo5@gmail.com
C0175,황지안,여,63,전주,실버,2025-12-24,hwang.day3@kakao.com
C0176,김시우,남,44,창원,실버,2024-05-26,kim_78@kakao.com
C0177,신선우,남,40,성남,일반,2025-06-10,shin_55@gmail.com
C0178,홍하윤,여,50,성남,실버,2023-08-30,hong.log14@hanmail.net
C0179,임지안,여,58,성남,일반,2024-01-18,limsoo7@naver.com
C0180,강은우,여,46,서울,일반,2024-06-01,kang_11@naver.com
C0181,오지안,여,46,고양,실버,2024-08-29,oh.day65@gmail.com
C0182,박주호,남,39,서울,일반,2025-07-06,park.kr59@gmail.com
C0183,김성민,남,27,서울,골드,2025-10-14,
C0184,윤채원,여,20,수원,골드,2023-09-28,yoon.dev38@daum.net
C0185,임도윤,남,60,청주,일반,2024-09-25,limjoo2@gmail.com
C0186,서하은,여,44,창원,일반,2024-12-22,seo506@naver.com
C0187,전하준,남,45,성남,VIP,2025-09-04,jeon472@daum.net
C0188,정하준,남,47,부산,일반,2024-11-05,jungmin6@daum.net
C0189,한지아,여,45,부산,VIP,2023-10-10,han.day44@gmail.com
C0190,임예준,남,62,창원,골드,2023-09-26,limjoo1@naver.com
C0191,한지우,남,49,고양,골드,2025-03-11,hanhee4@nate.com
C0192,송지훈,남,37,대구,실버,2024-12-24,song.log27@nate.com
C0193,윤하윤,여,27,인천,골드,2024-03-31,yoon_28@naver.com
C0194,황주원,남,30,고양,실버,2023-08-08,hwang_56@nate.com
C0195,홍지호,남,57,부산,일반,2025-07-18,hongjoo7@naver.com
C0196,한민준,남,29,광주,일반,2023-06-04,han_94@nate.com
C0197,안은우,남,19,창원,골드,2024-07-11,ahnhee1@hanmail.net
C0198,안지안,여,43,서울,VIP,2024-09-26,ahn310@nate.com
C0199,임예준,남,46,인천,일반,2025-07-04,lim194@naver.com
C0200,정지아,여,45,서울,일반,2024-02-20,jung646@gmail.com
