review_id,product_id,product_name,customer_id,rating,review_text,review_date
R00001,P0027,승승 단백질 쉐이크 2kg,C0085,4,튼튼하고 오래 쓸 것 같아요,2025-06-13
R00002,P0033,스포라이프 요가매트 10mm,C0197,4,배송이 정말 빨라요,2024-02-05
R00003,P0039,북하우스 어린이 그림책 10권,C0184,5,디자인이 예뻐요,2025-12-31
R00004,P0027,승승 단백질 쉐이크 2kg,C0079,2,생각보다 별로예요,2025-11-04
R00005,P0019,뷰티풀 수분 진정 토너 300ml,C0048,3,특별할 건 없네요,2024-09-20
R00006,P0036,스포라이프 러닝화 클라우드,C0150,2,설명과 색이 달라요,2025-01-11
R00007,P0030,리빙 대용량 식기건조대,C0144,5,배송이 정말 빨라요,2025-07-24
R00008,P0022,뷰티풀 콜라겐 수분크림,C0029,1,생각보다 별로예요,2026-01-11
R00009,P0025,승승 현미 잡곡 10kg,C0061,2,박스가 찌그러져 왔어요,2025-08-29
R00010,P0024,승승 유기농 견과류 믹스 1kg,C0135,2,설명과 색이 달라요,2024-02-08
R00011,P0024,승승 유기농 견과류 믹스 1kg,C0054,5,디자인이 예뻐요,2025-07-26
R00012,P0005,승승 USB-C 멀티허브 7in1,C0068,5,튼튼하고 오래 쓸 것 같아요,2025-10-13
R00013,P0032,리빙 스테인리스 텀블러 500ml,C0025,4,가성비 최고입니다,2024-03-10
R00014,P0017,승승 베이직 무지 티셔츠 3팩,C0107,4,재구매 의사 있어요,2025-11-22
R00015,P0027,승승 단백질 쉐이크 2kg,C0072,4,선물용으로 좋아요,2024-10-02
R00016,P0020,뷰티풀 비타민C 세럼 30ml,C0033,4,배송이 정말 빨라요,2024-06-29
R00017,P0005,승승 USB-C 멀티허브 7in1,C0022,4,튼튼하고 오래 쓸 것 같아요,2025-11-21
R00018,P0006,승승 기계식 게이밍 키보드,C0156,5,배송이 정말 빨라요,2026-01-31
R00019,P0002,승승 노이즈캔슬링 헤드폰 Pro,C0130,3,무난합니다,2025-02-13
R00020,P0022,뷰티풀 콜라겐 수분크림,C0119,5,선물용으로 좋아요,2025-08-30
R00021,P0022,뷰티풀 콜라겐 수분크림,C0022,4,선물용으로 좋아요,2026-02-07
R00022,P0031,리빙 친환경 주방세제 리필 5L,C0013,5,배송이 정말 빨라요,2025-02-25
R00023,P0020,뷰티풀 비타민C 세럼 30ml,C0133,3,특별할 건 없네요,2025-04-05
R00024,P0027,승승 단백질 쉐이크 2kg,C0123,5,튼튼하고 오래 쓸 것 같아요,2024-02-18
R00025,P0021,뷰티풀 자외선차단 선크림 SPF50,C0085,5,재구매 의사 있어요,2024-01-20
R00026,P0001,승승 무선 블루투스 이어버드 SE,C0005,5,선물용으로 좋아요,2024-10-31
R00027,P0011,장구 에어프라이어 5.5L,C0037,5,튼튼하고 오래 쓸 것 같아요,2024-11-08
R00028,P0010,장구 공기청정기 미세 30평형,C0116,5,선물용으로 좋아요,2024-08-23
R00029,P0034,스포라이프 조절식 덤벨 24kg,C0026,5,품질이 기대 이상이에요,2024-05-17
R00030,P0021,뷰티풀 자외선차단 선크림 SPF50,C0107,4,배송이 정말 빨라요,2026-04-26
R00031,P0038,북하우스 코딩 입문 자습서,C0082,4,튼튼하고 오래 쓸 것 같아요,2025-10-28
R00032,P0004,승승 고속충전 보조배터리 20000mAh,C0037,4,튼튼하고 오래 쓸 것 같아요,2024-03-22
R00033,P0013,장구 전기포트 1.7L 온도조절,C0046,4,가성비 최고입니다,2024-11-12
R00034,P0007,승승 4K 웹캠 스트리머,C0184,5,선물용으로 좋아요,2024-08-30
R00035,P0036,스포라이프 러닝화 클라우드,C0168,4,품질이 기대 이상이에요,2025-06-20
R00036,P0039,북하우스 어린이 그림책 10권,C0198,5,선물용으로 좋아요,2025-05-30
R00037,P0038,북하우스 코딩 입문 자습서,C0095,3,보통이에요,2026-03-28
R00038,P0004,승승 고속충전 보조배터리 20000mAh,C0178,4,재구매 의사 있어요,2025-11-08
R00039,P0003,승승 스마트워치 Fit 5,C0152,5,튼튼하고 오래 쓸 것 같아요,2025-08-30
R00040,P0028,리빙 4계절 차렵이불 퀸,C0058,5,포장이 꼼꼼했어요,2025-08-08
R00041,P0020,뷰티풀 비타민C 세럼 30ml,C0134,4,재구매 의사 있어요,2026-05-21
R00042,P0032,리빙 스테인리스 텀블러 500ml,C0165,3,그럭저럭 쓸만해요,2024-08-16
R00043,P0025,승승 현미 잡곡 10kg,C0124,5,디자인이 예뻐요,2025-03-07
R00044,P0035,스포라이프 등산 스틱 한쌍,C0193,1,배송이 너무 느렸어요,2024-08-08
R00045,P0039,북하우스 어린이 그림책 10권,C0093,4,포장이 꼼꼼했어요,2025-07-20
R00046,P0021,뷰티풀 자외선차단 선크림 SPF50,C0197,5,배송이 정말 빨라요,2024-04-02
R00047,P0006,승승 기계식 게이밍 키보드,C0155,5,배송이 정말 빨라요,2024-07-19
R00048,P0026,승승 콜드브루 스틱 30개입,C0031,4,재구매 의사 있어요,2024-06-27
R00049,P0013,장구 전기포트 1.7L 온도조절,C0001,3,보통이에요,2024-10-18
R00050,P0035,스포라이프 등산 스틱 한쌍,C0042,4,튼튼하고 오래 쓸 것 같아요,2024-05-25
R00051,P0004,승승 고속충전 보조배터리 20000mAh,C0058,4,디자인이 예뻐요,2024-07-25
R00052,P0016,승승 슬림핏 청바지,C0050,4,배송이 정말 빨라요,2025-07-19
R00053,P0030,리빙 대용량 식기건조대,C0067,3,그럭저럭 쓸만해요,2025-08-29
R00054,P0036,스포라이프 러닝화 클라우드,C0100,4,포장이 꼼꼼했어요,2025-05-19
R00055,P0037,북하우스 베스트셀러 소설 세트,C0197,5,배송이 정말 빨라요,2024-07-30
R00056,P0016,승승 슬림핏 청바지,C0151,5,포장이 꼼꼼했어요,2024-08-13
R00057,P0004,승승 고속충전 보조배터리 20000mAh,C0059,1,생각보다 별로예요,2024-02-13
R00058,P0033,스포라이프 요가매트 10mm,C0047,5,선물용으로 좋아요,2024-04-27
R00059,P0002,승승 노이즈캔슬링 헤드폰 Pro,C0037,5,선물용으로 좋아요,2025-02-04
R00060,P0040,북하우스 자기계발 다이어리 2026,C0098,4,가성비 최고입니다,2024-02-08
R00061,P0033,스포라이프 요가매트 10mm,C0144,3,무난합니다,2024-03-11
R00062,P0030,리빙 대용량 식기건조대,C0135,1,금방 고장났어요,2025-10-21
R00063,P0015,승승 경량 패딩 점퍼,C0117,5,가성비 최고입니다,2024-04-10
R00064,P0024,승승 유기농 견과류 믹스 1kg,C0150,2,금방 고장났어요,2024-03-31
R00065,P0029,리빙 극세사 베개 2개세트,C0119,3,특별할 건 없네요,2025-04-03
R00066,P0031,리빙 친환경 주방세제 리필 5L,C0138,5,포장이 꼼꼼했어요,2025-11-03
R00067,P0030,리빙 대용량 식기건조대,C0094,5,디자인이 예뻐요,2026-03-17
R00068,P0015,승승 경량 패딩 점퍼,C0081,5,튼튼하고 오래 쓸 것 같아요,2025-02-19
R00069,P0012,장구 초고속 블렌더 1200W,C0130,4,재구매 의사 있어요,2024-05-22
R00070,P0023,승승 프리미엄 원두커피 1kg,C0059,1,배송이 너무 느렸어요,2024-07-01
R00071,P0013,장구 전기포트 1.7L 온도조절,C0095,3,무난합니다,2026-03-16
R00072,P0004,승승 고속충전 보조배터리 20000mAh,C0015,1,박스가 찌그러져 왔어요,2024-03-30
R00073,P0015,승승 경량 패딩 점퍼,C0097,3,무난합니다,2025-11-25
R00074,P0007,승승 4K 웹캠 스트리머,C0089,4,배송이 정말 빨라요,2024-06-08
R00075,P0028,리빙 4계절 차렵이불 퀸,C0120,2,금방 고장났어요,2024-05-27
R00076,P0040,북하우스 자기계발 다이어리 2026,C0039,3,보통이에요,2026-01-18
R00077,P0002,승승 노이즈캔슬링 헤드폰 Pro,C0090,5,재구매 의사 있어요,2024-10-26
R00078,P0014,승승 데일리 코튼 후드티,C0072,4,재구매 의사 있어요,2024-10-11
R00079,P0002,승승 노이즈캔슬링 헤드폰 Pro,C0145,4,재구매 의사 있어요,2024-06-02
R00080,P0036,스포라이프 러닝화 클라우드,C0157,4,포장이 꼼꼼했어요,2024-02-07
R00081,P0040,북하우스 자기계발 다이어리 2026,C0154,3,특별할 건 없네요,2026-01-19
R00082,P0005,승승 USB-C 멀티허브 7in1,C0135,5,선물용으로 좋아요,2024-02-09
R00083,P0029,리빙 극세사 베개 2개세트,C0160,3,그럭저럭 쓸만해요,2025-02-07
R00084,P0024,승승 유기농 견과류 믹스 1kg,C0161,2,금방 고장났어요,2025-04-26
R00085,P0013,장구 전기포트 1.7L 온도조절,C0162,4,가성비 최고입니다,2025-01-08
R00086,P0034,스포라이프 조절식 덤벨 24kg,C0058,5,재구매 의사 있어요,2024-05-13
R00087,P0012,장구 초고속 블렌더 1200W,C0034,5,튼튼하고 오래 쓸 것 같아요,2024-07-15
R00088,P0038,북하우스 코딩 입문 자습서,C0127,5,배송이 정말 빨라요,2024-01-18
R00089,P0009,장구 무선 핸디 청소기,C0157,2,박스가 찌그러져 왔어요,2026-03-03
R00090,P0004,승승 고속충전 보조배터리 20000mAh,C0184,5,튼튼하고 오래 쓸 것 같아요,2024-03-10
R00091,P0001,승승 무선 블루투스 이어버드 SE,C0127,3,무난합니다,2025-05-14
R00092,P0019,뷰티풀 수분 진정 토너 300ml,C0001,1,가격에 비해 아쉬워요,2024-05-18
R00093,P0009,장구 무선 핸디 청소기,C0198,5,포장이 꼼꼼했어요,2024-03-05
R00094,P0009,장구 무선 핸디 청소기,C0019,4,포장이 꼼꼼했어요,2025-11-19
R00095,P0001,승승 무선 블루투스 이어버드 SE,C0016,4,튼튼하고 오래 쓸 것 같아요,2024-05-19
R00096,P0004,승승 고속충전 보조배터리 20000mAh,C0146,5,포장이 꼼꼼했어요,2025-08-09
R00097,P0003,승승 스마트워치 Fit 5,C0020,3,무난합니다,2026-05-13
R00098,P0021,뷰티풀 자외선차단 선크림 SPF50,C0078,5,재구매 의사 있어요,2024-05-15
R00099,P0002,승승 노이즈캔슬링 헤드폰 Pro,C0191,1,환불 절차가 불편했어요,2025-03-27
R00100,P0029,리빙 극세사 베개 2개세트,C0047,5,배송이 정말 빨라요,2025-08-28
R00101,P0027,승승 단백질 쉐이크 2kg,C0103,3,무난합니다,2026-03-07
R00102,P0022,뷰티풀 콜라겐 수분크림,C0080,2,생각보다 별로예요,2026-05-12
R00103,P0031,리빙 친환경 주방세제 리필 5L,C0052,5,디자인이 예뻐요,2025-08-14
R00104,P0030,리빙 대용량 식기건조대,C0011,5,재구매 의사 있어요,2024-08-08
R00105,P0020,뷰티풀 비타민C 세럼 30ml,C0054,4,품질이 기대 이상이에요,2025-05-07
R00106,P0030,리빙 대용량 식기건조대,C0076,4,재구매 의사 있어요,2025-05-15
R00107,P0038,북하우스 코딩 입문 자습서,C0123,4,포장이 꼼꼼했어요,2025-02-15
R00108,P0022,뷰티풀 콜라겐 수분크림,C0120,5,선물용으로 좋아요,2024-08-11
R00109,P0010,장구 공기청정기 미세 30평형,C0045,3,무난합니다,2025-10-15
R00110,P0032,리빙 스테인리스 텀블러 500ml,C0023,5,가성비 최고입니다,2026-03-17
R00111,P0033,스포라이프 요가매트 10mm,C0023,5,가성비 최고입니다,2026-03-05
R00112,P0015,승승 경량 패딩 점퍼,C0172,5,재구매 의사 있어요,2025-09-09
R00113,P0037,북하우스 베스트셀러 소설 세트,C0043,5,품질이 기대 이상이에요,2025-10-25
R00114,P0015,승승 경량 패딩 점퍼,C0134,4,품질이 기대 이상이에요,2025-11-14
R00115,P0014,승승 데일리 코튼 후드티,C0057,5,포장이 꼼꼼했어요,2025-11-13
R00116,P0004,승승 고속충전 보조배터리 20000mAh,C0090,4,품질이 기대 이상이에요,2024-07-24
R00117,P0016,승승 슬림핏 청바지,C0018,5,재구매 의사 있어요,2024-11-19
R00118,P0008,장구 로봇청소기 CleanX,C0014,5,선물용으로 좋아요,2024-09-04
R00119,P0040,북하우스 자기계발 다이어리 2026,C0067,5,재구매 의사 있어요,2024-11-13
R00120,P0030,리빙 대용량 식기건조대,C0169,4,재구매 의사 있어요,2025-09-23
R00121,P0028,리빙 4계절 차렵이불 퀸,C0058,5,품질이 기대 이상이에요,2025-02-23
R00122,P0030,리빙 대용량 식기건조대,C0076,2,배송이 너무 느렸어요,2024-08-25
R00123,P0024,승승 유기농 견과류 믹스 1kg,C0026,4,디자인이 예뻐요,2025-08-30
R00124,P0037,북하우스 베스트셀러 소설 세트,C0190,4,배송이 정말 빨라요,2026-05-20
R00125,P0029,리빙 극세사 베개 2개세트,C0015,5,튼튼하고 오래 쓸 것 같아요,2024-08-24
R00126,P0032,리빙 스테인리스 텀블러 500ml,C0172,4,포장이 꼼꼼했어요,2026-01-12
R00127,P0033,스포라이프 요가매트 10mm,C0137,5,가성비 최고입니다,2024-04-17
R00128,P0028,리빙 4계절 차렵이불 퀸,C0114,4,배송이 정말 빨라요,2025-02-26
R00129,P0025,승승 현미 잡곡 10kg,C0128,3,보통이에요,2026-03-11
R00130,P0034,스포라이프 조절식 덤벨 24kg,C0103,5,포장이 꼼꼼했어요,2024-08-29
R00131,P0027,승승 단백질 쉐이크 2kg,C0142,2,가격에 비해 아쉬워요,2025-11-11
R00132,P0001,승승 무선 블루투스 이어버드 SE,C0006,4,포장이 꼼꼼했어요,2024-09-24
R00133,P0025,승승 현미 잡곡 10kg,C0126,5,튼튼하고 오래 쓸 것 같아요,2025-12-29
R00134,P0030,리빙 대용량 식기건조대,C0045,5,포장이 꼼꼼했어요,2024-06-11
R00135,P0007,승승 4K 웹캠 스트리머,C0092,5,배송이 정말 빨라요,2025-05-10
R00136,P0033,스포라이프 요가매트 10mm,C0076,5,포장이 꼼꼼했어요,2024-10-06
R00137,P0034,스포라이프 조절식 덤벨 24kg,C0072,5,재구매 의사 있어요,2024-04-03
R00138,P0034,스포라이프 조절식 덤벨 24kg,C0157,3,무난합니다,2024-09-14
R00139,P0005,승승 USB-C 멀티허브 7in1,C0081,5,배송이 정말 빨라요,2024-09-07
R00140,P0009,장구 무선 핸디 청소기,C0022,3,보통이에요,2024-03-28
R00141,P0029,리빙 극세사 베개 2개세트,C0158,4,포장이 꼼꼼했어요,2024-05-20
R00142,P0040,북하우스 자기계발 다이어리 2026,C0029,4,배송이 정말 빨라요,2024-12-16
R00143,P0009,장구 무선 핸디 청소기,C0083,4,가성비 최고입니다,2024-07-21
R00144,P0015,승승 경량 패딩 점퍼,C0114,5,배송이 정말 빨라요,2024-11-17
R00145,P0028,리빙 4계절 차렵이불 퀸,C0149,4,포장이 꼼꼼했어요,2025-01-17
R00146,P0016,승승 슬림핏 청바지,C0192,4,튼튼하고 오래 쓸 것 같아요,2026-04-13
R00147,P0017,승승 베이직 무지 티셔츠 3팩,C0015,4,품질이 기대 이상이에요,2024-09-13
R00148,P0030,리빙 대용량 식기건조대,C0159,2,생각보다 별로예요,2024-10-16
R00149,P0019,뷰티풀 수분 진정 토너 300ml,C0129,3,그럭저럭 쓸만해요,2024-04-24
R00150,P0009,장구 무선 핸디 청소기,C0126,1,설명과 색이 달라요,2024-10-09
R00151,P0004,승승 고속충전 보조배터리 20000mAh,C0193,4,배송이 정말 빨라요,2024-03-06
R00152,P0036,스포라이프 러닝화 클라우드,C0098,5,재구매 의사 있어요,2024-05-09
R00153,P0004,승승 고속충전 보조배터리 20000mAh,C0040,4,포장이 꼼꼼했어요,2026-04-18
R00154,P0012,장구 초고속 블렌더 1200W,C0117,5,디자인이 예뻐요,2024-09-18
R00155,P0040,북하우스 자기계발 다이어리 2026,C0129,4,배송이 정말 빨라요,2024-08-14
R00156,P0025,승승 현미 잡곡 10kg,C0001,5,디자인이 예뻐요,2026-04-07
R00157,P0011,장구 에어프라이어 5.5L,C0014,2,배송이 너무 느렸어요,2025-05-27
R00158,P0024,승승 유기농 견과류 믹스 1kg,C0186,3,그럭저럭 쓸만해요,2024-01-27
R00159,P0033,스포라이프 요가매트 10mm,C0149,5,가성비 최고입니다,2025-07-04
R00160,P0037,북하우스 베스트셀러 소설 세트,C0086,3,그럭저럭 쓸만해요,2026-05-28
R00161,P0008,장구 로봇청소기 CleanX,C0140,5,디자인이 예뻐요,2025-08-29
R00162,P0007,승승 4K 웹캠 스트리머,C0049,5,포장이 꼼꼼했어요,2024-09-17
R00163,P0003,승승 스마트워치 Fit 5,C0098,2,생각보다 별로예요,2025-07-24
R00164,P0022,뷰티풀 콜라겐 수분크림,C0120,4,재구매 의사 있어요,2026-02-12
R00165,P0022,뷰티풀 콜라겐 수분크림,C0069,3,그럭저럭 쓸만해요,2024-03-17
R00166,P0002,승승 노이즈캔슬링 헤드폰 Pro,C0166,3,보통이에요,2025-07-11
R00167,P0023,승승 프리미엄 원두커피 1kg,C0076,5,품질이 기대 이상이에요,2024-02-14
R00168,P0012,장구 초고속 블렌더 1200W,C0189,4,재구매 의사 있어요,2024-10-05
R00169,P0033,스포라이프 요가매트 10mm,C0065,2,박스가 찌그러져 왔어요,2024-09-30
R00170,P0005,승승 USB-C 멀티허브 7in1,C0168,5,배송이 정말 빨라요,2025-07-18
R00171,P0007,승승 4K 웹캠 스트리머,C0045,5,포장이 꼼꼼했어요,2024-03-07
R00172,P0030,리빙 대용량 식기건조대,C0049,5,튼튼하고 오래 쓸 것 같아요,2026-04-15
R00173,P0016,승승 슬림핏 청바지,C0137,4,배송이 정말 빨라요,2026-04-03
R00174,P0039,북하우스 어린이 그림책 10권,C0104,4,튼튼하고 오래 쓸 것 같아요,2024-10-20
R00175,P0012,장구 초고속 블렌더 1200W,C0103,5,배송이 정말 빨라요,2026-01-09
R00176,P0017,승승 베이직 무지 티셔츠 3팩,C0191,2,설명과 색이 달라요,2025-03-29
R00177,P0037,북하우스 베스트셀러 소설 세트,C0175,5,디자인이 예뻐요,2025-04-24
R00178,P0012,장구 초고속 블렌더 1200W,C0004,5,포장이 꼼꼼했어요,2026-01-30
R00179,P0016,승승 슬림핏 청바지,C0044,2,생각보다 별로예요,2026-04-04
R00180,P0009,장구 무선 핸디 청소기,C0047,2,금방 고장났어요,2025-09-23
R00181,P0012,장구 초고속 블렌더 1200W,C0153,3,그럭저럭 쓸만해요,2025-10-08
R00182,P0022,뷰티풀 콜라겐 수분크림,C0073,5,배송이 정말 빨라요,2026-03-19
R00183,P0018,승승 방수 트레킹 자켓,C0047,4,가성비 최고입니다,2024-09-28
R00184,P0031,리빙 친환경 주방세제 리필 5L,C0025,5,포장이 꼼꼼했어요,2026-01-30
R00185,P0014,승승 데일리 코튼 후드티,C0095,4,재구매 의사 있어요,2025-03-24
R00186,P0019,뷰티풀 수분 진정 토너 300ml,C0173,3,무난합니다,2025-04-30
R00187,P0011,장구 에어프라이어 5.5L,C0024,4,디자인이 예뻐요,2024-05-30
R00188,P0011,장구 에어프라이어 5.5L,C0010,5,배송이 정말 빨라요,2025-11-05
R00189,P0029,리빙 극세사 베개 2개세트,C0016,4,배송이 정말 빨라요,2024-08-01
R00190,P0029,리빙 극세사 베개 2개세트,C0002,5,품질이 기대 이상이에요,2024-07-31
R00191,P0004,승승 고속충전 보조배터리 20000mAh,C0182,3,특별할 건 없네요,2025-10-17
R00192,P0013,장구 전기포트 1.7L 온도조절,C0055,4,튼튼하고 오래 쓸 것 같아요,2025-02-16
R00193,P0021,뷰티풀 자외선차단 선크림 SPF50,C0106,2,박스가 찌그러져 왔어요,2024-06-10
R00194,P0038,북하우스 코딩 입문 자습서,C0178,5,튼튼하고 오래 쓸 것 같아요,2025-04-25
R00195,P0034,스포라이프 조절식 덤벨 24kg,C0092,5,배송이 정말 빨라요,2026-02-13
R00196,P0007,승승 4K 웹캠 스트리머,C0111,5,선물용으로 좋아요,2025-12-29
R00197,P0001,승승 무선 블루투스 이어버드 SE,C0147,4,튼튼하고 오래 쓸 것 같아요,2024-11-27
R00198,P0035,스포라이프 등산 스틱 한쌍,C0148,5,선물용으로 좋아요,2024-04-01
R00199,P0006,승승 기계식 게이밍 키보드,C0096,4,가성비 최고입니다,2025-08-25
R00200,P0013,장구 전기포트 1.7L 온도조절,C0176,3,보통이에요,2025-07-29
R00201,P0006,승승 기계식 게이밍 키보드,C0057,4,재구매 의사 있어요,2026-04-19
R00202,P0015,승승 경량 패딩 점퍼,C0050,5,튼튼하고 오래 쓸 것 같아요,2024-04-26
R00203,P0025,승승 현미 잡곡 10kg,C0161,3,특별할 건 없네요,2024-07-11
R00204,P0015,승승 경량 패딩 점퍼,C0150,1,생각보다 별로예요,2025-09-28
R00205,P0030,리빙 대용량 식기건조대,C0159,1,가격에 비해 아쉬워요,2024-07-14
R00206,P0031,리빙 친환경 주방세제 리필 5L,C0110,4,디자인이 예뻐요,2024-09-29
R00207,P0023,승승 프리미엄 원두커피 1kg,C0032,2,설명과 색이 달라요,2024-03-13
R00208,P0015,승승 경량 패딩 점퍼,C0016,3,무난합니다,2025-01-27
R00209,P0039,북하우스 어린이 그림책 10권,C0004,2,가격에 비해 아쉬워요,2024-07-23
R00210,P0038,북하우스 코딩 입문 자습서,C0051,4,선물용으로 좋아요,2024-12-17
R00211,P0019,뷰티풀 수분 진정 토너 300ml,C0194,5,디자인이 예뻐요,2025-06-27
R00212,P0011,장구 에어프라이어 5.5L,C0053,3,무난합니다,2024-02-27
R00213,P0030,리빙 대용량 식기건조대,C0140,3,특별할 건 없네요,2025-04-28
R00214,P0009,장구 무선 핸디 청소기,C0114,2,금방 고장났어요,2025-05-06
R00215,P0040,북하우스 자기계발 다이어리 2026,C0096,5,디자인이 예뻐요,2024-06-29
R00216,P0013,장구 전기포트 1.7L 온도조절,C0046,4,선물용으로 좋아요,2026-05-26
R00217,P0039,북하우스 어린이 그림책 10권,C0043,4,튼튼하고 오래 쓸 것 같아요,2026-03-25
R00218,P0024,승승 유기농 견과류 믹스 1kg,C0047,4,재구매 의사 있어요,2025-11-16
R00219,P0017,승승 베이직 무지 티셔츠 3팩,C0134,5,재구매 의사 있어요,2024-08-03
R00220,P0033,스포라이프 요가매트 10mm,C0053,5,가성비 최고입니다,2024-09-25
R00221,P0007,승승 4K 웹캠 스트리머,C0073,5,배송이 정말 빨라요,2024-05-07
R00222,P0018,승승 방수 트레킹 자켓,C0036,5,선물용으로 좋아요,2024-05-06
R00223,P0007,승승 4K 웹캠 스트리머,C0169,5,가성비 최고입니다,2024-04-07
R00224,P0013,장구 전기포트 1.7L 온도조절,C0118,5,포장이 꼼꼼했어요,2025-01-17
R00225,P0012,장구 초고속 블렌더 1200W,C0027,4,배송이 정말 빨라요,2025-11-15
R00226,P0016,승승 슬림핏 청바지,C0025,4,튼튼하고 오래 쓸 것 같아요,2024-04-13
R00227,P0016,승승 슬림핏 청바지,C0078,4,디자인이 예뻐요,2026-02-11
R00228,P0027,승승 단백질 쉐이크 2kg,C0059,4,선물용으로 좋아요,2024-09-03
R00229,P0019,뷰티풀 수분 진정 토너 300ml,C0075,5,선물용으로 좋아요,2026-04-11
R00230,P0003,승승 스마트워치 Fit 5,C0168,3,그럭저럭 쓸만해요,2026-03-05
R00231,P0035,스포라이프 등산 스틱 한쌍,C0196,4,재구매 의사 있어요,2024-07-10
R00232,P0033,스포라이프 요가매트 10mm,C0168,1,환불 절차가 불편했어요,2025-01-14
R00233,P0021,뷰티풀 자외선차단 선크림 SPF50,C0020,3,무난합니다,2024-09-16
R00234,P0039,북하우스 어린이 그림책 10권,C0067,4,재구매 의사 있어요,2024-08-28
R00235,P0039,북하우스 어린이 그림책 10권,C0125,5,가성비 최고입니다,2024-03-10
R00236,P0013,장구 전기포트 1.7L 온도조절,C0183,4,재구매 의사 있어요,2024-09-10
R00237,P0004,승승 고속충전 보조배터리 20000mAh,C0143,3,그럭저럭 쓸만해요,2025-01-08
R00238,P0025,승승 현미 잡곡 10kg,C0197,5,배송이 정말 빨라요,2024-10-25
R00239,P0008,장구 로봇청소기 CleanX,C0114,2,설명과 색이 달라요,2025-11-15
R00240,P0001,승승 무선 블루투스 이어버드 SE,C0169,4,재구매 의사 있어요,2024-08-13
R00241,P0031,리빙 친환경 주방세제 리필 5L,C0083,5,포장이 꼼꼼했어요,2025-03-19
R00242,P0016,승승 슬림핏 청바지,C0084,5,포장이 꼼꼼했어요,2024-07-17
R00243,P0013,장구 전기포트 1.7L 온도조절,C0007,4,선물용으로 좋아요,2024-08-06
R00244,P0028,리빙 4계절 차렵이불 퀸,C0132,4,품질이 기대 이상이에요,2024-05-07
R00245,P0005,승승 USB-C 멀티허브 7in1,C0071,2,가격에 비해 아쉬워요,2025-08-12
R00246,P0038,북하우스 코딩 입문 자습서,C0145,3,특별할 건 없네요,2025-06-01
R00247,P0015,승승 경량 패딩 점퍼,C0083,5,가성비 최고입니다,2026-02-28
R00248,P0023,승승 프리미엄 원두커피 1kg,C0126,4,포장이 꼼꼼했어요,2024-04-16
R00249,P0004,승승 고속충전 보조배터리 20000mAh,C0083,5,재구매 의사 있어요,2026-01-19
R00250,P0012,장구 초고속 블렌더 1200W,C0170,5,선물용으로 좋아요,2024-11-17
R00251,P0008,장구 로봇청소기 CleanX,C0011,1,생각보다 별로예요,2024-12-01
R00252,P0039,북하우스 어린이 그림책 10권,C0072,4,디자인이 예뻐요,2024-10-31
R00253,P0022,뷰티풀 콜라겐 수분크림,C0161,4,선물용으로 좋아요,2025-01-17
R00254,P0017,승승 베이직 무지 티셔츠 3팩,C0162,5,가성비 최고입니다,2026-01-20
R00255,P0015,승승 경량 패딩 점퍼,C0037,2,박스가 찌그러져 왔어요,2025-07-20
R00256,P0031,리빙 친환경 주방세제 리필 5L,C0017,3,특별할 건 없네요,2025-12-14
R00257,P0028,리빙 4계절 차렵이불 퀸,C0018,4,재구매 의사 있어요,2025-09-23
R00258,P0008,장구 로봇청소기 CleanX,C0039,2,금방 고장났어요,2024-10-05
R00259,P0020,뷰티풀 비타민C 세럼 30ml,C0019,3,보통이에요,2025-10-27
R00260,P0003,승승 스마트워치 Fit 5,C0181,5,재구매 의사 있어요,2024-05-04
R00261,P0018,승승 방수 트레킹 자켓,C0189,3,무난합니다,2024-05-30
R00262,P0032,리빙 스테인리스 텀블러 500ml,C0125,4,배송이 정말 빨라요,2025-05-03
R00263,P0022,뷰티풀 콜라겐 수분크림,C0019,5,배송이 정말 빨라요,2024-08-13
R00264,P0028,리빙 4계절 차렵이불 퀸,C0019,4,품질이 기대 이상이에요,2026-01-19
R00265,P0009,장구 무선 핸디 청소기,C0022,4,튼튼하고 오래 쓸 것 같아요,2025-10-26
R00266,P0027,승승 단백질 쉐이크 2kg,C0061,5,디자인이 예뻐요,2025-08-12
R00267,P0020,뷰티풀 비타민C 세럼 30ml,C0086,5,재구매 의사 있어요,2024-08-05
R00268,P0003,승승 스마트워치 Fit 5,C0152,3,그럭저럭 쓸만해요,2025-06-17
R00269,P0025,승승 현미 잡곡 10kg,C0159,5,재구매 의사 있어요,2024-09-02
R00270,P0033,스포라이프 요가매트 10mm,C0017,3,그럭저럭 쓸만해요,2026-04-07
R00271,P0034,스포라이프 조절식 덤벨 24kg,C0113,5,포장이 꼼꼼했어요,2025-05-14
R00272,P0028,리빙 4계절 차렵이불 퀸,C0160,2,환불 절차가 불편했어요,2025-05-12
R00273,P0024,승승 유기농 견과류 믹스 1kg,C0162,4,배송이 정말 빨라요,2024-07-05
R00274,P0024,승승 유기농 견과류 믹스 1kg,C0010,5,포장이 꼼꼼했어요,2025-07-10
R00275,P0011,장구 에어프라이어 5.5L,C0057,4,배송이 정말 빨라요,2025-01-15
R00276,P0002,승승 노이즈캔슬링 헤드폰 Pro,C0023,4,재구매 의사 있어요,2026-05-26
R00277,P0003,승승 스마트워치 Fit 5,C0088,4,디자인이 예뻐요,2026-06-08
R00278,P0004,승승 고속충전 보조배터리 20000mAh,C0130,5,재구매 의사 있어요,2025-04-30
R00279,P0019,뷰티풀 수분 진정 토너 300ml,C0092,4,선물용으로 좋아요,2025-11-17
R00280,P0019,뷰티풀 수분 진정 토너 300ml,C0025,4,배송이 정말 빨라요,2025-03-10
R00281,P0010,장구 공기청정기 미세 30평형,C0073,2,배송이 너무 느렸어요,2024-08-31
R00282,P0031,리빙 친환경 주방세제 리필 5L,C0079,4,튼튼하고 오래 쓸 것 같아요,2025-10-12
R00283,P0035,스포라이프 등산 스틱 한쌍,C0095,5,포장이 꼼꼼했어요,2025-03-11
R00284,P0011,장구 에어프라이어 5.5L,C0152,2,환불 절차가 불편했어요,2026-02-01
R00285,P0008,장구 로봇청소기 CleanX,C0154,1,환불 절차가 불편했어요,2024-07-01
R00286,P0026,승승 콜드브루 스틱 30개입,C0159,4,품질이 기대 이상이에요,2025-10-29
R00287,P0034,스포라이프 조절식 덤벨 24kg,C0097,5,선물용으로 좋아요,2024-02-03
R00288,P0015,승승 경량 패딩 점퍼,C0159,3,특별할 건 없네요,2025-04-25
R00289,P0029,리빙 극세사 베개 2개세트,C0094,5,재구매 의사 있어요,2025-10-10
R00290,P0036,스포라이프 러닝화 클라우드,C0199,3,무난합니다,2024-09-19
R00291,P0010,장구 공기청정기 미세 30평형,C0016,4,가성비 최고입니다,2026-04-28
R00292,P0014,승승 데일리 코튼 후드티,C0114,5,가성비 최고입니다,2024-04-04
R00293,P0008,장구 로봇청소기 CleanX,C0039,2,박스가 찌그러져 왔어요,2026-05-15
R00294,P0011,장구 에어프라이어 5.5L,C0021,2,설명과 색이 달라요,2024-09-09
R00295,P0008,장구 로봇청소기 CleanX,C0165,4,디자인이 예뻐요,2024-05-14
R00296,P0021,뷰티풀 자외선차단 선크림 SPF50,C0033,5,디자인이 예뻐요,2025-04-12
R00297,P0036,스포라이프 러닝화 클라우드,C0118,2,박스가 찌그러져 왔어요,2024-02-09
R00298,P0034,스포라이프 조절식 덤벨 24kg,C0094,4,선물용으로 좋아요,2025-02-27
R00299,P0031,리빙 친환경 주방세제 리필 5L,C0122,5,가성비 최고입니다,2026-05-02
R00300,P0021,뷰티풀 자외선차단 선크림 SPF50,C0179,3,그럭저럭 쓸만해요,2024-03-14
R00301,P0007,승승 4K 웹캠 스트리머,C0111,5,선물용으로 좋아요,2024-01-29
R00302,P0032,리빙 스테인리스 텀블러 500ml,C0044,5,재구매 의사 있어요,2025-10-25
R00303,P0028,리빙 4계절 차렵이불 퀸,C0115,5,선물용으로 좋아요,2025-09-27
R00304,P0032,리빙 스테인리스 텀블러 500ml,C0032,5,가성비 최고입니다,2024-04-09
R00305,P0020,뷰티풀 비타민C 세럼 30ml,C0019,5,배송이 정말 빨라요,2026-05-09
R00306,P0031,리빙 친환경 주방세제 리필 5L,C0021,4,디자인이 예뻐요,2026-05-07
R00307,P0003,승승 스마트워치 Fit 5,C0066,4,디자인이 예뻐요,2024-06-30
R00308,P0007,승승 4K 웹캠 스트리머,C0018,5,가성비 최고입니다,2024-12-23
R00309,P0039,북하우스 어린이 그림책 10권,C0078,4,선물용으로 좋아요,2025-04-29
R00310,P0019,뷰티풀 수분 진정 토너 300ml,C0162,3,무난합니다,2025-10-20
R00311,P0033,스포라이프 요가매트 10mm,C0134,5,디자인이 예뻐요,2024-08-06
R00312,P0027,승승 단백질 쉐이크 2kg,C0100,5,선물용으로 좋아요,2024-11-09
R00313,P0011,장구 에어프라이어 5.5L,C0157,3,특별할 건 없네요,2025-05-21
R00314,P0027,승승 단백질 쉐이크 2kg,C0186,5,포장이 꼼꼼했어요,2025-02-18
R00315,P0032,리빙 스테인리스 텀블러 500ml,C0165,4,포장이 꼼꼼했어요,2026-05-25
R00316,P0017,승승 베이직 무지 티셔츠 3팩,C0167,5,배송이 정말 빨라요,2025-09-13
R00317,P0013,장구 전기포트 1.7L 온도조절,C0158,3,그럭저럭 쓸만해요,2025-11-20
R00318,P0040,북하우스 자기계발 다이어리 2026,C0131,2,생각보다 별로예요,2025-04-30
R00319,P0025,승승 현미 잡곡 10kg,C0106,2,박스가 찌그러져 왔어요,2026-02-25
R00320,P0030,리빙 대용량 식기건조대,C0064,5,선물용으로 좋아요,2024-09-01
R00321,P0016,승승 슬림핏 청바지,C0146,5,재구매 의사 있어요,2026-05-13
R00322,P0009,장구 무선 핸디 청소기,C0133,5,튼튼하고 오래 쓸 것 같아요,2025-08-16
R00323,P0031,리빙 친환경 주방세제 리필 5L,C0168,5,포장이 꼼꼼했어요,2024-03-20
R00324,P0019,뷰티풀 수분 진정 토너 300ml,C0064,1,생각보다 별로예요,2026-04-02
R00325,P0030,리빙 대용량 식기건조대,C0174,2,배송이 너무 느렸어요,2024-10-04
R00326,P0012,장구 초고속 블렌더 1200W,C0056,4,배송이 정말 빨라요,2026-05-18
R00327,P0024,승승 유기농 견과류 믹스 1kg,C0046,5,선물용으로 좋아요,2025-10-09
R00328,P0016,승승 슬림핏 청바지,C0156,5,선물용으로 좋아요,2025-10-08
R00329,P0021,뷰티풀 자외선차단 선크림 SPF50,C0062,1,박스가 찌그러져 왔어요,2025-02-03
R00330,P0033,스포라이프 요가매트 10mm,C0102,5,가성비 최고입니다,2025-05-14
R00331,P0040,북하우스 자기계발 다이어리 2026,C0078,5,포장이 꼼꼼했어요,2024-11-28
R00332,P0020,뷰티풀 비타민C 세럼 30ml,C0053,4,가성비 최고입니다,2025-07-17
R00333,P0018,승승 방수 트레킹 자켓,C0006,5,배송이 정말 빨라요,2024-10-31
R00334,P0025,승승 현미 잡곡 10kg,C0027,5,선물용으로 좋아요,2024-03-24
R00335,P0018,승승 방수 트레킹 자켓,C0092,4,포장이 꼼꼼했어요,2026-01-26
R00336,P0006,승승 기계식 게이밍 키보드,C0041,4,선물용으로 좋아요,2026-04-28
R00337,P0034,스포라이프 조절식 덤벨 24kg,C0147,5,배송이 정말 빨라요,2025-03-09
R00338,P0024,승승 유기농 견과류 믹스 1kg,C0103,5,품질이 기대 이상이에요,2025-02-12
R00339,P0007,승승 4K 웹캠 스트리머,C0164,1,배송이 너무 느렸어요,2025-10-19
R00340,P0036,스포라이프 러닝화 클라우드,C0060,4,품질이 기대 이상이에요,2026-03-26
R00341,P0034,스포라이프 조절식 덤벨 24kg,C0149,2,배송이 너무 느렸어요,2026-02-14
R00342,P0035,스포라이프 등산 스틱 한쌍,C0091,1,생각보다 별로예요,2025-10-05
R00343,P0038,북하우스 코딩 입문 자습서,C0050,5,선물용으로 좋아요,2024-08-02
R00344,P0006,승승 기계식 게이밍 키보드,C0037,4,배송이 정말 빨라요,2026-06-12
R00345,P0001,승승 무선 블루투스 이어버드 SE,C0052,5,가성비 최고입니다,2025-01-03
R00346,P0012,장구 초고속 블렌더 1200W,C0160,5,품질이 기대 이상이에요,2025-03-10
R00347,P0037,북하우스 베스트셀러 소설 세트,C0120,1,가격에 비해 아쉬워요,2024-08-02
R00348,P0035,스포라이프 등산 스틱 한쌍,C0161,3,무난합니다,2024-07-09
R00349,P0018,승승 방수 트레킹 자켓,C0083,2,박스가 찌그러져 왔어요,2024-02-24
R00350,P0014,승승 데일리 코튼 후드티,C0020,4,배송이 정말 빨라요,2024-12-06
R00351,P0025,승승 현미 잡곡 10kg,C0180,4,배송이 정말 빨라요,2024-10-05
R00352,P0036,스포라이프 러닝화 클라우드,C0072,2,생각보다 별로예요,2025-09-29
R00353,P0001,승승 무선 블루투스 이어버드 SE,C0156,3,보통이에요,2024-04-17
R00354,P0029,리빙 극세사 베개 2개세트,C0029,3,그럭저럭 쓸만해요,2025-08-29
R00355,P0010,장구 공기청정기 미세 30평형,C0096,5,가성비 최고입니다,2024-05-29
R00356,P0006,승승 기계식 게이밍 키보드,C0037,3,특별할 건 없네요,2026-01-04
R00357,P0028,리빙 4계절 차렵이불 퀸,C0012,5,포장이 꼼꼼했어요,2026-01-01
R00358,P0019,뷰티풀 수분 진정 토너 300ml,C0139,2,박스가 찌그러져 왔어요,2025-03-25
R00359,P0031,리빙 친환경 주방세제 리필 5L,C0020,4,품질이 기대 이상이에요,2024-07-25
R00360,P0031,리빙 친환경 주방세제 리필 5L,C0035,1,환불 절차가 불편했어요,2024-02-28
R00361,P0034,스포라이프 조절식 덤벨 24kg,C0004,4,가성비 최고입니다,2025-10-22
R00362,P0009,장구 무선 핸디 청소기,C0052,2,박스가 찌그러져 왔어요,2024-12-31
R00363,P0005,승승 USB-C 멀티허브 7in1,C0098,4,배송이 정말 빨라요,2025-07-22
R00364,P0025,승승 현미 잡곡 10kg,C0028,5,튼튼하고 오래 쓸 것 같아요,2024-04-01
R00365,P0033,스포라이프 요가매트 10mm,C0099,2,배송이 너무 느렸어요,2024-03-08
R00366,P0019,뷰티풀 수분 진정 토너 300ml,C0178,4,선물용으로 좋아요,2024-08-12
R00367,P0029,리빙 극세사 베개 2개세트,C0174,5,배송이 정말 빨라요,2025-12-31
R00368,P0029,리빙 극세사 베개 2개세트,C0050,4,선물용으로 좋아요,2024-01-26
R00369,P0038,북하우스 코딩 입문 자습서,C0125,5,배송이 정말 빨라요,2025-08-05
R00370,P0037,북하우스 베스트셀러 소설 세트,C0059,4,재구매 의사 있어요,2025-08-15
R00371,P0024,승승 유기농 견과류 믹스 1kg,C0143,5,선물용으로 좋아요,2025-01-22
R00372,P0005,승승 USB-C 멀티허브 7in1,C0065,4,품질이 기대 이상이에요,2025-03-27
R00373,P0017,승승 베이직 무지 티셔츠 3팩,C0046,5,디자인이 예뻐요,2024-11-26
R00374,P0009,장구 무선 핸디 청소기,C0194,2,환불 절차가 불편했어요,2024-07-21
R00375,P0020,뷰티풀 비타민C 세럼 30ml,C0083,5,가성비 최고입니다,2024-07-20
R00376,P0014,승승 데일리 코튼 후드티,C0154,4,선물용으로 좋아요,2024-10-08
R00377,P0010,장구 공기청정기 미세 30평형,C0090,5,배송이 정말 빨라요,2024-09-28
R00378,P0009,장구 무선 핸디 청소기,C0019,4,튼튼하고 오래 쓸 것 같아요,2025-01-30
R00379,P0028,리빙 4계절 차렵이불 퀸,C0156,4,품질이 기대 이상이에요,2026-05-21
R00380,P0032,리빙 스테인리스 텀블러 500ml,C0053,5,배송이 정말 빨라요,2024-03-14
R00381,P0023,승승 프리미엄 원두커피 1kg,C0066,5,배송이 정말 빨라요,2025-09-27
R00382,P0025,승승 현미 잡곡 10kg,C0038,3,무난합니다,2026-04-14
R00383,P0036,스포라이프 러닝화 클라우드,C0121,4,가성비 최고입니다,2024-05-30
R00384,P0003,승승 스마트워치 Fit 5,C0129,4,포장이 꼼꼼했어요,2026-05-28
R00385,P0034,스포라이프 조절식 덤벨 24kg,C0153,5,포장이 꼼꼼했어요,2025-12-24
R00386,P0022,뷰티풀 콜라겐 수분크림,C0053,2,가격에 비해 아쉬워요,2024-09-02
R00387,P0036,스포라이프 러닝화 클라우드,C0044,5,포장이 꼼꼼했어요,2025-06-26
R00388,P0038,북하우스 코딩 입문 자습서,C0149,4,재구매 의사 있어요,2024-08-25
R00389,P0029,리빙 극세사 베개 2개세트,C0141,5,튼튼하고 오래 쓸 것 같아요,2025-07-11
R00390,P0029,리빙 극세사 베개 2개세트,C0044,4,선물용으로 좋아요,2025-04-07
R00391,P0033,스포라이프 요가매트 10mm,C0132,3,보통이에요,2025-03-30
R00392,P0010,장구 공기청정기 미세 30평형,C0092,4,재구매 의사 있어요,2025-08-16
R00393,P0026,승승 콜드브루 스틱 30개입,C0188,4,디자인이 예뻐요,2024-04-30
R00394,P0017,승승 베이직 무지 티셔츠 3팩,C0187,5,선물용으로 좋아요,2024-04-04
R00395,P0022,뷰티풀 콜라겐 수분크림,C0045,4,배송이 정말 빨라요,2024-02-02
R00396,P0019,뷰티풀 수분 진정 토너 300ml,C0177,3,보통이에요,2024-02-10
R00397,P0034,스포라이프 조절식 덤벨 24kg,C0131,5,튼튼하고 오래 쓸 것 같아요,2025-07-06
R00398,P0028,리빙 4계절 차렵이불 퀸,C0195,3,보통이에요,2025-10-31
R00399,P0013,장구 전기포트 1.7L 온도조절,C0138,5,재구매 의사 있어요,2025-12-12
R00400,P0015,승승 경량 패딩 점퍼,C0112,4,가성비 최고입니다,2024-05-26
R00401,P0020,뷰티풀 비타민C 세럼 30ml,C0033,4,가성비 최고입니다,2024-02-13
R00402,P0037,북하우스 베스트셀러 소설 세트,C0090,4,가성비 최고입니다,2026-06-02
R00403,P0015,승승 경량 패딩 점퍼,C0178,5,배송이 정말 빨라요,2024-07-09
R00404,P0027,승승 단백질 쉐이크 2kg,C0191,5,포장이 꼼꼼했어요,2025-06-20
R00405,P0021,뷰티풀 자외선차단 선크림 SPF50,C0057,1,배송이 너무 느렸어요,2025-03-19
R00406,P0040,북하우스 자기계발 다이어리 2026,C0012,5,포장이 꼼꼼했어요,2025-11-04
R00407,P0012,장구 초고속 블렌더 1200W,C0053,4,포장이 꼼꼼했어요,2026-05-28
R00408,P0006,승승 기계식 게이밍 키보드,C0167,5,품질이 기대 이상이에요,2026-01-04
R00409,P0010,장구 공기청정기 미세 30평형,C0147,5,포장이 꼼꼼했어요,2025-10-03
R00410,P0026,승승 콜드브루 스틱 30개입,C0009,5,디자인이 예뻐요,2024-12-14
R00411,P0010,장구 공기청정기 미세 30평형,C0034,2,설명과 색이 달라요,2026-05-06
R00412,P0020,뷰티풀 비타민C 세럼 30ml,C0072,4,배송이 정말 빨라요,2024-11-25
R00413,P0040,북하우스 자기계발 다이어리 2026,C0029,4,재구매 의사 있어요,2024-10-28
R00414,P0037,북하우스 베스트셀러 소설 세트,C0070,1,박스가 찌그러져 왔어요,2025-05-29
R00415,P0017,승승 베이직 무지 티셔츠 3팩,C0079,5,선물용으로 좋아요,2026-04-10
R00416,P0012,장구 초고속 블렌더 1200W,C0170,3,그럭저럭 쓸만해요,2025-12-07
R00417,P0019,뷰티풀 수분 진정 토너 300ml,C0185,5,디자인이 예뻐요,2025-07-25
R00418,P0030,리빙 대용량 식기건조대,C0173,5,포장이 꼼꼼했어요,2025-09-07
R00419,P0015,승승 경량 패딩 점퍼,C0192,4,선물용으로 좋아요,2025-11-30
R00420,P0027,승승 단백질 쉐이크 2kg,C0085,4,디자인이 예뻐요,2025-04-25
R00421,P0028,리빙 4계절 차렵이불 퀸,C0155,4,디자인이 예뻐요,2024-11-01
R00422,P0028,리빙 4계절 차렵이불 퀸,C0182,4,배송이 정말 빨라요,2025-06-04
R00423,P0030,리빙 대용량 식기건조대,C0135,3,무난합니다,2024-01-25
R00424,P0021,뷰티풀 자외선차단 선크림 SPF50,C0083,5,재구매 의사 있어요,2025-04-06
R00425,P0029,리빙 극세사 베개 2개세트,C0152,4,선물용으로 좋아요,2026-05-21
R00426,P0038,북하우스 코딩 입문 자습서,C0200,2,생각보다 별로예요,2025-04-01
R00427,P0002,승승 노이즈캔슬링 헤드폰 Pro,C0005,3,그럭저럭 쓸만해요,2026-04-20
R00428,P0010,장구 공기청정기 미세 30평형,C0130,5,품질이 기대 이상이에요,2025-11-26
R00429,P0008,장구 로봇청소기 CleanX,C0079,4,배송이 정말 빨라요,2025-05-24
R00430,P0017,승승 베이직 무지 티셔츠 3팩,C0011,4,배송이 정말 빨라요,2026-02-25
R00431,P0024,승승 유기농 견과류 믹스 1kg,C0133,5,선물용으로 좋아요,2026-02-27
R00432,P0024,승승 유기농 견과류 믹스 1kg,C0163,4,가성비 최고입니다,2026-04-12
R00433,P0039,북하우스 어린이 그림책 10권,C0107,4,재구매 의사 있어요,2024-11-26
R00434,P0040,북하우스 자기계발 다이어리 2026,C0017,4,품질이 기대 이상이에요,2025-06-08
R00435,P0015,승승 경량 패딩 점퍼,C0122,4,재구매 의사 있어요,2024-02-05
R00436,P0036,스포라이프 러닝화 클라우드,C0062,1,금방 고장났어요,2026-04-10
R00437,P0016,승승 슬림핏 청바지,C0095,4,튼튼하고 오래 쓸 것 같아요,2025-05-16
R00438,P0021,뷰티풀 자외선차단 선크림 SPF50,C0019,3,무난합니다,2024-03-07
R00439,P0030,리빙 대용량 식기건조대,C0170,4,배송이 정말 빨라요,2024-08-13
R00440,P0007,승승 4K 웹캠 스트리머,C0122,2,박스가 찌그러져 왔어요,2025-09-06
R00441,P0038,북하우스 코딩 입문 자습서,C0062,5,재구매 의사 있어요,2024-02-23
R00442,P0010,장구 공기청정기 미세 30평형,C0078,5,배송이 정말 빨라요,2024-08-31
R00443,P0021,뷰티풀 자외선차단 선크림 SPF50,C0100,5,재구매 의사 있어요,2026-02-22
R00444,P0016,승승 슬림핏 청바지,C0007,5,디자인이 예뻐요,2025-12-16
R00445,P0027,승승 단백질 쉐이크 2kg,C0020,5,선물용으로 좋아요,2026-06-08
R00446,P0005,승승 USB-C 멀티허브 7in1,C0023,1,환불 절차가 불편했어요,2025-03-27
R00447,P0007,승승 4K 웹캠 스트리머,C0034,4,배송이 정말 빨라요,2025-10-17
R00448,P0006,승승 기계식 게이밍 키보드,C0191,5,배송이 정말 빨라요,2026-02-07
R00449,P0021,뷰티풀 자외선차단 선크림 SPF50,C0009,5,포장이 꼼꼼했어요,2025-06-08
R00450,P0012,장구 초고속 블렌더 1200W,C0095,4,가성비 최고입니다,2026-03-07
R00451,P0014,승승 데일리 코튼 후드티,C0003,1,배송이 너무 느렸어요,2025-01-23
R00452,P0031,리빙 친환경 주방세제 리필 5L,C0034,4,포장이 꼼꼼했어요,2025-01-04
R00453,P0009,장구 무선 핸디 청소기,C0102,2,금방 고장났어요,2024-05-14
R00454,P0027,승승 단백질 쉐이크 2kg,C0132,5,가성비 최고입니다,2026-02-12
R00455,P0015,승승 경량 패딩 점퍼,C0113,3,그럭저럭 쓸만해요,2024-06-29
R00456,P0008,장구 로봇청소기 CleanX,C0127,5,선물용으로 좋아요,2024-03-03
R00457,P0030,리빙 대용량 식기건조대,C0146,4,선물용으로 좋아요,2024-11-17
R00458,P0008,장구 로봇청소기 CleanX,C0079,4,선물용으로 좋아요,2024-04-30
R00459,P0016,승승 슬림핏 청바지,C0068,5,디자인이 예뻐요,2025-10-26
R00460,P0028,리빙 4계절 차렵이불 퀸,C0132,5,포장이 꼼꼼했어요,2024-07-25
R00461,P0039,북하우스 어린이 그림책 10권,C0102,5,배송이 정말 빨라요,2024-08-06
R00462,P0012,장구 초고속 블렌더 1200W,C0097,3,특별할 건 없네요,2026-03-17
R00463,P0022,뷰티풀 콜라겐 수분크림,C0017,4,선물용으로 좋아요,2025-10-20
R00464,P0013,장구 전기포트 1.7L 온도조절,C0059,4,가성비 최고입니다,2025-09-22
R00465,P0031,리빙 친환경 주방세제 리필 5L,C0101,5,선물용으로 좋아요,2024-04-11
R00466,P0017,승승 베이직 무지 티셔츠 3팩,C0099,5,튼튼하고 오래 쓸 것 같아요,2026-05-23
R00467,P0025,승승 현미 잡곡 10kg,C0082,4,디자인이 예뻐요,2025-12-09
R00468,P0029,리빙 극세사 베개 2개세트,C0171,5,선물용으로 좋아요,2024-05-17
R00469,P0006,승승 기계식 게이밍 키보드,C0160,3,그럭저럭 쓸만해요,2025-11-03
R00470,P0029,리빙 극세사 베개 2개세트,C0079,4,배송이 정말 빨라요,2024-05-31
R00471,P0038,북하우스 코딩 입문 자습서,C0034,5,포장이 꼼꼼했어요,2025-08-06
R00472,P0004,승승 고속충전 보조배터리 20000mAh,C0091,5,디자인이 예뻐요,2025-01-12
R00473,P0029,리빙 극세사 베개 2개세트,C0126,5,가성비 최고입니다,2025-11-30
R00474,P0027,승승 단백질 쉐이크 2kg,C0106,2,배송이 너무 느렸어요,2025-03-08
R00475,P0029,리빙 극세사 베개 2개세트,C0021,5,튼튼하고 오래 쓸 것 같아요,2024-10-15
R00476,P0026,승승 콜드브루 스틱 30개입,C0155,2,생각보다 별로예요,2026-01-25
R00477,P0006,승승 기계식 게이밍 키보드,C0062,2,배송이 너무 느렸어요,2024-11-14
R00478,P0037,북하우스 베스트셀러 소설 세트,C0145,1,금방 고장났어요,2026-01-20
R00479,P0027,승승 단백질 쉐이크 2kg,C0086,4,튼튼하고 오래 쓸 것 같아요,2025-04-18
R00480,P0035,스포라이프 등산 스틱 한쌍,C0193,4,품질이 기대 이상이에요,2026-04-01
R00481,P0035,스포라이프 등산 스틱 한쌍,C0119,4,포장이 꼼꼼했어요,2024-02-18
R00482,P0039,북하우스 어린이 그림책 10권,C0010,4,재구매 의사 있어요,2024-01-24
R00483,P0012,장구 초고속 블렌더 1200W,C0040,3,특별할 건 없네요,2024-03-29
R00484,P0006,승승 기계식 게이밍 키보드,C0192,4,튼튼하고 오래 쓸 것 같아요,2026-03-03
R00485,P0001,승승 무선 블루투스 이어버드 SE,C0192,4,가성비 최고입니다,2025-07-30
R00486,P0004,승승 고속충전 보조배터리 20000mAh,C0067,5,포장이 꼼꼼했어요,2025-11-07
R00487,P0020,뷰티풀 비타민C 세럼 30ml,C0169,5,선물용으로 좋아요,2024-08-21
R00488,P0009,장구 무선 핸디 청소기,C0026,5,포장이 꼼꼼했어요,2025-10-16
R00489,P0005,승승 USB-C 멀티허브 7in1,C0023,1,배송이 너무 느렸어요,2024-04-29
R00490,P0030,리빙 대용량 식기건조대,C0169,5,디자인이 예뻐요,2026-01-03
R00491,P0012,장구 초고속 블렌더 1200W,C0083,4,튼튼하고 오래 쓸 것 같아요,2025-07-12
R00492,P0018,승승 방수 트레킹 자켓,C0025,1,박스가 찌그러져 왔어요,2024-06-19
R00493,P0033,스포라이프 요가매트 10mm,C0006,1,금방 고장났어요,2024-10-04
R00494,P0008,장구 로봇청소기 CleanX,C0013,1,환불 절차가 불편했어요,2024-08-05
R00495,P0012,장구 초고속 블렌더 1200W,C0055,3,특별할 건 없네요,2026-06-07
R00496,P0007,승승 4K 웹캠 스트리머,C0131,2,금방 고장났어요,2026-06-06
R00497,P0014,승승 데일리 코튼 후드티,C0137,1,설명과 색이 달라요,2025-02-08
R00498,P0020,뷰티풀 비타민C 세럼 30ml,C0011,5,선물용으로 좋아요,2025-01-31
R00499,P0030,리빙 대용량 식기건조대,C0074,4,품질이 기대 이상이에요,2026-01-22
R00500,P0016,승승 슬림핏 청바지,C0088,3,그럭저럭 쓸만해요,2024-10-10
R00501,P0005,승승 USB-C 멀티허브 7in1,C0173,4,품질이 기대 이상이에요,2024-10-09
R00502,P0038,북하우스 코딩 입문 자습서,C0119,4,가성비 최고입니다,2024-12-02
R00503,P0011,장구 에어프라이어 5.5L,C0107,1,배송이 너무 느렸어요,2024-07-19
R00504,P0035,스포라이프 등산 스틱 한쌍,C0059,3,특별할 건 없네요,2025-08-18
R00505,P0019,뷰티풀 수분 진정 토너 300ml,C0165,2,환불 절차가 불편했어요,2024-01-23
R00506,P0028,리빙 4계절 차렵이불 퀸,C0014,4,디자인이 예뻐요,2026-03-05
R00507,P0034,스포라이프 조절식 덤벨 24kg,C0159,5,튼튼하고 오래 쓸 것 같아요,2024-07-26
R00508,P0003,승승 스마트워치 Fit 5,C0194,4,튼튼하고 오래 쓸 것 같아요,2025-02-13
R00509,P0018,승승 방수 트레킹 자켓,C0015,5,선물용으로 좋아요,2026-01-19
R00510,P0020,뷰티풀 비타민C 세럼 30ml,C0068,2,금방 고장났어요,2026-05-30
R00511,P0026,승승 콜드브루 스틱 30개입,C0064,1,설명과 색이 달라요,2024-09-18
R00512,P0034,스포라이프 조절식 덤벨 24kg,C0132,2,환불 절차가 불편했어요,2024-01-25
R00513,P0010,장구 공기청정기 미세 30평형,C0122,4,튼튼하고 오래 쓸 것 같아요,2025-01-09
R00514,P0013,장구 전기포트 1.7L 온도조절,C0036,5,배송이 정말 빨라요,2024-04-28
R00515,P0022,뷰티풀 콜라겐 수분크림,C0036,5,가성비 최고입니다,2025-06-17
R00516,P0027,승승 단백질 쉐이크 2kg,C0014,5,디자인이 예뻐요,2025-06-05
R00517,P0020,뷰티풀 비타민C 세럼 30ml,C0132,2,가격에 비해 아쉬워요,2026-04-19
R00518,P0025,승승 현미 잡곡 10kg,C0044,2,환불 절차가 불편했어요,2025-10-08
R00519,P0018,승승 방수 트레킹 자켓,C0041,4,디자인이 예뻐요,2024-11-11
R00520,P0033,스포라이프 요가매트 10mm,C0105,5,선물용으로 좋아요,2025-10-19
R00521,P0031,리빙 친환경 주방세제 리필 5L,C0129,2,금방 고장났어요,2025-03-09
R00522,P0018,승승 방수 트레킹 자켓,C0173,4,배송이 정말 빨라요,2024-09-28
R00523,P0013,장구 전기포트 1.7L 온도조절,C0042,4,선물용으로 좋아요,2024-06-08
R00524,P0008,장구 로봇청소기 CleanX,C0100,1,박스가 찌그러져 왔어요,2024-09-10
R00525,P0023,승승 프리미엄 원두커피 1kg,C0006,2,배송이 너무 느렸어요,2024-02-18
R00526,P0006,승승 기계식 게이밍 키보드,C0021,4,품질이 기대 이상이에요,2026-05-15
R00527,P0035,스포라이프 등산 스틱 한쌍,C0124,5,디자인이 예뻐요,2025-04-06
R00528,P0034,스포라이프 조절식 덤벨 24kg,C0172,1,배송이 너무 느렸어요,2024-09-11
R00529,P0027,승승 단백질 쉐이크 2kg,C0030,4,선물용으로 좋아요,2024-03-14
R00530,P0029,리빙 극세사 베개 2개세트,C0078,3,특별할 건 없네요,2026-03-02
R00531,P0012,장구 초고속 블렌더 1200W,C0153,5,선물용으로 좋아요,2026-04-07
R00532,P0010,장구 공기청정기 미세 30평형,C0088,3,그럭저럭 쓸만해요,2025-05-03
R00533,P0037,북하우스 베스트셀러 소설 세트,C0083,4,튼튼하고 오래 쓸 것 같아요,2025-08-08
R00534,P0002,승승 노이즈캔슬링 헤드폰 Pro,C0058,4,가성비 최고입니다,2025-10-07
R00535,P0037,북하우스 베스트셀러 소설 세트,C0094,2,환불 절차가 불편했어요,2024-05-06
R00536,P0032,리빙 스테인리스 텀블러 500ml,C0013,4,선물용으로 좋아요,2026-05-15
R00537,P0026,승승 콜드브루 스틱 30개입,C0034,4,디자인이 예뻐요,2025-04-03
R00538,P0009,장구 무선 핸디 청소기,C0116,4,선물용으로 좋아요,2024-08-22
R00539,P0015,승승 경량 패딩 점퍼,C0055,2,금방 고장났어요,2025-06-09
R00540,P0010,장구 공기청정기 미세 30평형,C0082,5,품질이 기대 이상이에요,2025-06-22
R00541,P0028,리빙 4계절 차렵이불 퀸,C0188,2,가격에 비해 아쉬워요,2025-12-21
R00542,P0007,승승 4K 웹캠 스트리머,C0076,5,배송이 정말 빨라요,2025-12-24
R00543,P0022,뷰티풀 콜라겐 수분크림,C0138,5,튼튼하고 오래 쓸 것 같아요,2025-03-31
R00544,P0030,리빙 대용량 식기건조대,C0161,3,무난합니다,2026-04-26
R00545,P0040,북하우스 자기계발 다이어리 2026,C0123,4,선물용으로 좋아요,2025-06-15
R00546,P0030,리빙 대용량 식기건조대,C0045,2,가격에 비해 아쉬워요,2024-03-12
R00547,P0037,북하우스 베스트셀러 소설 세트,C0091,4,배송이 정말 빨라요,2024-02-24
R00548,P0034,스포라이프 조절식 덤벨 24kg,C0193,3,그럭저럭 쓸만해요,2024-10-13
R00549,P0024,승승 유기농 견과류 믹스 1kg,C0179,4,튼튼하고 오래 쓸 것 같아요,2024-01-29
R00550,P0021,뷰티풀 자외선차단 선크림 SPF50,C0114,2,박스가 찌그러져 왔어요,2026-02-04
R00551,P0040,북하우스 자기계발 다이어리 2026,C0001,5,디자인이 예뻐요,2026-01-09
R00552,P0020,뷰티풀 비타민C 세럼 30ml,C0041,4,배송이 정말 빨라요,2026-02-06
R00553,P0021,뷰티풀 자외선차단 선크림 SPF50,C0080,5,가성비 최고입니다,2024-05-26
R00554,P0001,승승 무선 블루투스 이어버드 SE,C0100,4,튼튼하고 오래 쓸 것 같아요,2024-07-12
R00555,P0039,북하우스 어린이 그림책 10권,C0072,1,배송이 너무 느렸어요,2026-02-13
R00556,P0027,승승 단백질 쉐이크 2kg,C0056,5,튼튼하고 오래 쓸 것 같아요,2024-11-20
R00557,P0008,장구 로봇청소기 CleanX,C0152,2,박스가 찌그러져 왔어요,2025-11-24
R00558,P0023,승승 프리미엄 원두커피 1kg,C0036,4,배송이 정말 빨라요,2024-11-15
R00559,P0035,스포라이프 등산 스틱 한쌍,C0122,3,무난합니다,2025-10-04
R00560,P0001,승승 무선 블루투스 이어버드 SE,C0175,3,보통이에요,2024-12-06
R00561,P0015,승승 경량 패딩 점퍼,C0003,5,가성비 최고입니다,2026-06-03
R00562,P0007,승승 4K 웹캠 스트리머,C0059,2,배송이 너무 느렸어요,2024-06-07
R00563,P0026,승승 콜드브루 스틱 30개입,C0174,1,설명과 색이 달라요,2026-03-14
R00564,P0010,장구 공기청정기 미세 30평형,C0001,4,배송이 정말 빨라요,2025-08-22
R00565,P0003,승승 스마트워치 Fit 5,C0146,4,포장이 꼼꼼했어요,2024-04-17
R00566,P0026,승승 콜드브루 스틱 30개입,C0003,5,선물용으로 좋아요,2026-02-05
R00567,P0037,북하우스 베스트셀러 소설 세트,C0108,1,박스가 찌그러져 왔어요,2024-09-04
R00568,P0015,승승 경량 패딩 점퍼,C0037,4,품질이 기대 이상이에요,2024-05-23
R00569,P0002,승승 노이즈캔슬링 헤드폰 Pro,C0031,2,금방 고장났어요,2025-06-08
R00570,P0026,승승 콜드브루 스틱 30개입,C0162,5,가성비 최고입니다,2024-04-17
R00571,P0030,리빙 대용량 식기건조대,C0010,2,생각보다 별로예요,2024-07-04
R00572,P0003,승승 스마트워치 Fit 5,C0121,5,가성비 최고입니다,2024-07-05
R00573,P0019,뷰티풀 수분 진정 토너 300ml,C0076,5,디자인이 예뻐요,2026-04-18
R00574,P0024,승승 유기농 견과류 믹스 1kg,C0145,4,재구매 의사 있어요,2025-04-11
R00575,P0028,리빙 4계절 차렵이불 퀸,C0190,5,튼튼하고 오래 쓸 것 같아요,2026-01-08
R00576,P0028,리빙 4계절 차렵이불 퀸,C0167,5,선물용으로 좋아요,2024-04-28
R00577,P0003,승승 스마트워치 Fit 5,C0094,2,박스가 찌그러져 왔어요,2024-05-27
R00578,P0022,뷰티풀 콜라겐 수분크림,C0008,3,특별할 건 없네요,2024-11-03
R00579,P0007,승승 4K 웹캠 스트리머,C0106,3,그럭저럭 쓸만해요,2025-09-01
R00580,P0013,장구 전기포트 1.7L 온도조절,C0078,5,선물용으로 좋아요,2024-08-08
R00581,P0038,북하우스 코딩 입문 자습서,C0014,4,가성비 최고입니다,2025-08-16
R00582,P0004,승승 고속충전 보조배터리 20000mAh,C0158,5,포장이 꼼꼼했어요,2026-05-14
R00583,P0002,승승 노이즈캔슬링 헤드폰 Pro,C0127,4,재구매 의사 있어요,2026-06-10
R00584,P0031,리빙 친환경 주방세제 리필 5L,C0183,3,보통이에요,2025-10-31
R00585,P0030,리빙 대용량 식기건조대,C0175,5,포장이 꼼꼼했어요,2024-07-10
R00586,P0009,장구 무선 핸디 청소기,C0034,5,품질이 기대 이상이에요,2025-12-21
R00587,P0018,승승 방수 트레킹 자켓,C0085,4,품질이 기대 이상이에요,2024-05-08
R00588,P0004,승승 고속충전 보조배터리 20000mAh,C0151,5,품질이 기대 이상이에요,2025-09-07
R00589,P0003,승승 스마트워치 Fit 5,C0125,4,포장이 꼼꼼했어요,2024-08-08
R00590,P0033,스포라이프 요가매트 10mm,C0014,2,배송이 너무 느렸어요,2024-03-19
R00591,P0005,승승 USB-C 멀티허브 7in1,C0071,4,품질이 기대 이상이에요,2026-03-02
R00592,P0039,북하우스 어린이 그림책 10권,C0015,5,재구매 의사 있어요,2026-05-07
R00593,P0032,리빙 스테인리스 텀블러 500ml,C0125,5,품질이 기대 이상이에요,2024-08-14
R00594,P0009,장구 무선 핸디 청소기,C0156,5,가성비 최고입니다,2024-01-05
R00595,P0039,북하우스 어린이 그림책 10권,C0151,2,금방 고장났어요,2025-11-09
R00596,P0023,승승 프리미엄 원두커피 1kg,C0170,5,디자인이 예뻐요,2025-02-02
R00597,P0027,승승 단백질 쉐이크 2kg,C0158,3,보통이에요,2025-05-27
R00598,P0001,승승 무선 블루투스 이어버드 SE,C0043,4,포장이 꼼꼼했어요,2026-04-29
R00599,P0025,승승 현미 잡곡 10kg,C0177,2,가격에 비해 아쉬워요,2026-02-04
R00600,P0008,장구 로봇청소기 CleanX,C0174,5,디자인이 예뻐요,2026-02-05
R00601,P0014,승승 데일리 코튼 후드티,C0148,5,선물용으로 좋아요,2024-12-20
R00602,P0032,리빙 스테인리스 텀블러 500ml,C0076,4,배송이 정말 빨라요,2025-04-17
R00603,P0003,승승 스마트워치 Fit 5,C0169,5,재구매 의사 있어요,2025-10-13
R00604,P0010,장구 공기청정기 미세 30평형,C0012,5,선물용으로 좋아요,2026-05-24
R00605,P0030,리빙 대용량 식기건조대,C0080,5,배송이 정말 빨라요,2026-05-10
R00606,P0018,승승 방수 트레킹 자켓,C0014,4,디자인이 예뻐요,2024-08-13
R00607,P0020,뷰티풀 비타민C 세럼 30ml,C0165,5,재구매 의사 있어요,2025-06-10
R00608,P0029,리빙 극세사 베개 2개세트,C0063,4,배송이 정말 빨라요,2024-06-24
R00609,P0015,승승 경량 패딩 점퍼,C0107,4,디자인이 예뻐요,2026-05-03
R00610,P0033,스포라이프 요가매트 10mm,C0084,4,디자인이 예뻐요,2025-07-07
R00611,P0009,장구 무선 핸디 청소기,C0141,5,선물용으로 좋아요,2026-02-05
R00612,P0036,스포라이프 러닝화 클라우드,C0084,5,포장이 꼼꼼했어요,2024-09-14
R00613,P0034,스포라이프 조절식 덤벨 24kg,C0076,1,박스가 찌그러져 왔어요,2026-05-12
R00614,P0012,장구 초고속 블렌더 1200W,C0083,2,가격에 비해 아쉬워요,2024-01-17
R00615,P0010,장구 공기청정기 미세 30평형,C0047,5,포장이 꼼꼼했어요,2024-07-20
R00616,P0008,장구 로봇청소기 CleanX,C0103,5,품질이 기대 이상이에요,2024-06-01
R00617,P0028,리빙 4계절 차렵이불 퀸,C0185,5,디자인이 예뻐요,2024-05-01
R00618,P0013,장구 전기포트 1.7L 온도조절,C0099,3,특별할 건 없네요,2024-03-30
R00619,P0001,승승 무선 블루투스 이어버드 SE,C0049,2,배송이 너무 느렸어요,2025-10-12
R00620,P0038,북하우스 코딩 입문 자습서,C0106,4,튼튼하고 오래 쓸 것 같아요,2024-04-15
R00621,P0038,북하우스 코딩 입문 자습서,C0197,5,품질이 기대 이상이에요,2026-06-08
R00622,P0037,북하우스 베스트셀러 소설 세트,C0137,4,포장이 꼼꼼했어요,2024-08-13
R00623,P0017,승승 베이직 무지 티셔츠 3팩,C0067,5,배송이 정말 빨라요,2025-03-15
R00624,P0015,승승 경량 패딩 점퍼,C0175,5,품질이 기대 이상이에요,2024-09-21
R00625,P0032,리빙 스테인리스 텀블러 500ml,C0058,1,환불 절차가 불편했어요,2025-10-08
R00626,P0012,장구 초고속 블렌더 1200W,C0031,5,배송이 정말 빨라요,2025-05-23
R00627,P0038,북하우스 코딩 입문 자습서,C0133,5,튼튼하고 오래 쓸 것 같아요,2025-07-01
R00628,P0037,북하우스 베스트셀러 소설 세트,C0049,3,특별할 건 없네요,2025-10-12
R00629,P0040,북하우스 자기계발 다이어리 2026,C0140,5,배송이 정말 빨라요,2025-10-08
R00630,P0022,뷰티풀 콜라겐 수분크림,C0117,3,무난합니다,2024-02-03
R00631,P0030,리빙 대용량 식기건조대,C0180,4,포장이 꼼꼼했어요,2025-03-16
R00632,P0018,승승 방수 트레킹 자켓,C0124,5,디자인이 예뻐요,2025-01-24
R00633,P0008,장구 로봇청소기 CleanX,C0150,5,품질이 기대 이상이에요,2025-04-28
R00634,P0032,리빙 스테인리스 텀블러 500ml,C0047,2,환불 절차가 불편했어요,2025-06-19
R00635,P0008,장구 로봇청소기 CleanX,C0051,5,가성비 최고입니다,2024-02-02
R00636,P0029,리빙 극세사 베개 2개세트,C0162,4,가성비 최고입니다,2025-12-28
R00637,P0018,승승 방수 트레킹 자켓,C0074,5,품질이 기대 이상이에요,2024-06-29
R00638,P0040,북하우스 자기계발 다이어리 2026,C0039,5,디자인이 예뻐요,2025-05-08
R00639,P0013,장구 전기포트 1.7L 온도조절,C0082,4,디자인이 예뻐요,2025-07-27
R00640,P0023,승승 프리미엄 원두커피 1kg,C0195,5,포장이 꼼꼼했어요,2024-03-01
R00641,P0022,뷰티풀 콜라겐 수분크림,C0197,3,보통이에요,2024-09-04
R00642,P0023,승승 프리미엄 원두커피 1kg,C0078,5,선물용으로 좋아요,2024-03-04
R00643,P0024,승승 유기농 견과류 믹스 1kg,C0165,4,배송이 정말 빨라요,2024-11-05
R00644,P0038,북하우스 코딩 입문 자습서,C0034,1,배송이 너무 느렸어요,2024-07-15
R00645,P0014,승승 데일리 코튼 후드티,C0173,5,가성비 최고입니다,2025-03-20
R00646,P0004,승승 고속충전 보조배터리 20000mAh,C0185,1,배송이 너무 느렸어요,2024-09-17
R00647,P0036,스포라이프 러닝화 클라우드,C0020,4,선물용으로 좋아요,2026-05-08
R00648,P0030,리빙 대용량 식기건조대,C0117,5,가성비 최고입니다,2024-08-17
R00649,P0021,뷰티풀 자외선차단 선크림 SPF50,C0194,5,튼튼하고 오래 쓸 것 같아요,2025-05-22
R00650,P0006,승승 기계식 게이밍 키보드,C0053,4,포장이 꼼꼼했어요,2026-05-17
